{"cameraMode":{"drawMode":0,"name":"Shaded","section":"Shading Mode"},"sceneLighting":true,"audioPlay":false,"sceneViewState":{"showFog":false,"showMaterialUpdate":false,"showSkybox":false,"showFlares":false,"showImageEffects":false,"showParticleSystems":false},"in2DMode":false,"pivot":{"x":-22.99013328552246,"y":0.0026350021362304689,"z":33.33702087402344},"rotation":{"x":0.7708559036254883,"y":-0.10071533918380737,"z":0.12598270177841187,"w":0.6162515878677368},"size":84.5031509399414,"orthographic":false}