{"cameraMode":{"drawMode":0,"name":"Shaded","section":"Shading Mode"},"sceneLighting":false,"audioPlay":false,"sceneViewState":{"showFog":false,"showMaterialUpdate":false,"showSkybox":false,"showFlares":false,"showImageEffects":false,"showParticleSystems":false},"in2DMode":false,"pivot":{"x":-1.69679856300354,"y":3.2599990367889406,"z":0.0006131082773208618},"rotation":{"x":-0.008999422192573548,"y":0.008999642916023732,"z":0.00008102083666017279,"w":0.999919056892395},"size":2.0183329582214357,"orthographic":true}