{"cameraMode":{"drawMode":0,"name":"Shaded","section":"Shading Mode"},"sceneLighting":true,"audioPlay":false,"sceneViewState":{"showFog":false,"showMaterialUpdate":false,"showSkybox":false,"showFlares":false,"showImageEffects":false,"showParticleSystems":false},"in2DMode":false,"pivot":{"x":15.28236198425293,"y":1.3397220373153687,"z":40.798641204833987},"rotation":{"x":0.14931026101112367,"y":0.7662089467048645,"z":-0.19238393008708955,"w":0.594658613204956},"size":53.95442199707031,"orthographic":false}