{"cameraMode":{"drawMode":0,"name":"Shaded","section":"Shading Mode"},"sceneLighting":true,"audioPlay":false,"sceneViewState":{"showFog":false,"showMaterialUpdate":false,"showSkybox":false,"showFlares":false,"showImageEffects":false,"showParticleSystems":false},"in2DMode":false,"pivot":{"x":20.0,"y":2.409749984741211,"z":60.54999923706055},"rotation":{"x":0.11464311182498932,"y":-0.005960430484265089,"z":0.0006878519197925925,"w":0.9933886528015137},"size":15.782136917114258,"orthographic":true}