{"cameraMode":{"drawMode":0,"name":"Shaded","section":"Shading Mode"},"sceneLighting":false,"audioPlay":false,"sceneViewState":{"showFog":false,"showMaterialUpdate":false,"showSkybox":false,"showFlares":false,"showImageEffects":false,"showParticleSystems":false},"in2DMode":false,"pivot":{"x":5.1100006103515629,"y":-13.420005798339844,"z":0.0},"rotation":{"x":0.10030204057693482,"y":0.023876747116446496,"z":-0.002407660009339452,"w":0.994667649269104},"size":130.34632873535157,"orthographic":true}