{"cameraMode":{"drawMode":0,"name":"Shaded","section":"Shading Mode"},"sceneLighting":true,"audioPlay":false,"sceneViewState":{"showFog":false,"showMaterialUpdate":false,"showSkybox":false,"showFlares":false,"showImageEffects":false,"showParticleSystems":false},"in2DMode":false,"pivot":{"x":14.624929428100586,"y":0.8397220969200134,"z":40.759525299072269},"rotation":{"x":-0.0658988356590271,"y":-0.04009570553898811,"z":0.002650166628882289,"w":-0.997016966342926},"size":7.654704570770264,"orthographic":false}