{"cameraMode":{"drawMode":0,"name":"Shaded","section":"Shading Mode"},"sceneLighting":true,"audioPlay":false,"sceneViewState":{"showFog":false,"showMaterialUpdate":false,"showSkybox":false,"showFlares":false,"showImageEffects":false,"showParticleSystems":false},"in2DMode":false,"pivot":{"x":-0.7986403703689575,"y":1.3397220373153687,"z":0.28236186504364016},"rotation":{"x":0.12849445641040803,"y":0.047583021223545077,"z":-0.006172467488795519,"w":0.9905487895011902},"size":7.399801254272461,"orthographic":true}