{"cameraMode":{"drawMode":0,"name":"Shaded","section":"Shading Mode"},"sceneLighting":false,"audioPlay":false,"sceneViewState":{"showFog":false,"showMaterialUpdate":false,"showSkybox":false,"showFlares":false,"showImageEffects":false,"showParticleSystems":false},"in2DMode":false,"pivot":{"x":-1.2731070518493653,"y":-5.0624284744262699,"z":-0.16272354125976563},"rotation":{"x":0.7708559036254883,"y":-0.10071533918380737,"z":0.12598270177841187,"w":0.6162515878677368},"size":26.587270736694337,"orthographic":false}